,DCS1.10HFC30CT011,DCS1.10HFC30CT012,DCS1.10HFC30CP011,DCS1.10HFC30CP012,DCS1.10HFE30CP001,DCS1.10HFC30CP001,DCS1.SELFNP
2020/5/31 17:03,80.472054,82.288406,2.387585,2.647404,4.545868,1.359054,-126.714935
2020/5/31 17:03,80.479843,82.298569,2.410416,2.671036,4.581573,1.358823,-126.024574
2020/5/31 17:03,80.487625,82.308723,2.433247,2.694668,4.617279,1.358593,-125.334221
2020/5/31 17:03,80.495415,82.318886,2.456078,2.7183,4.652985,1.358362,-122.98716
2020/5/31 17:03,80.503197,82.329048,2.478909,2.741932,4.68869,1.358132,-120.640099
2020/5/31 17:03,80.510979,82.339203,2.50174,2.765564,4.724396,1.357901,-118.293037
2020/5/31 17:03,80.518768,82.349365,2.533516,2.796806,4.760101,1.357671,-115.945976
2020/5/31 17:03,80.52655,82.358238,2.565292,2.828049,4.788712,1.35744,-113.247101
2020/5/31 17:03,80.53434,82.367111,2.597068,2.859291,4.817322,1.35721,-110.548225
2020/5/31 17:03,80.542122,82.375984,2.628845,2.890533,4.845932,1.356979,-107.84935
2020/5/31 17:03,80.549904,82.384857,2.638814,2.897552,4.874542,1.356749,-105.150475
2020/5/31 17:03,80.557693,82.393738,2.648783,2.904571,4.903152,1.356518,-102.830009
2020/5/31 17:03,80.565475,82.402611,2.658752,2.91159,4.931763,1.356288,-100.509544
2020/5/31 17:03,80.573257,82.411484,2.668721,2.918609,4.926819,1.356057,-97.999107
2020/5/31 17:03,80.581047,82.420357,2.67869,2.925628,4.921875,1.355827,-95.488663
2020/5/31 17:03,80.588829,82.42923,2.68866,2.932647,4.916931,1.355596,-92.978226
2020/5/31 17:03,80.596619,82.438103,2.681183,2.939666,4.911987,1.355366,-91.014679
2020/5/31 17:03,80.604401,82.446976,2.673706,2.932546,4.907043,1.355135,-89.051125
2020/5/31 17:03,80.612183,82.455849,2.666229,2.925425,4.903791,1.354905,-87.087578
2020/5/31 17:03,80.619972,82.464722,2.658752,2.918304,4.900538,1.354674,-86.183914
2020/5/31 17:03,80.627754,82.473602,2.651275,2.911184,4.897286,1.354444,-81.351044
2020/5/31 17:03,80.635544,82.482475,2.643798,2.904063,4.894033,1.354213,-79.190315
2020/5/31 17:03,80.643326,82.491348,2.636322,2.896942,4.89078,1.353983,-78.703644
2020/5/31 17:03,80.651108,82.500221,2.635025,2.896942,4.887528,1.353752,-79.769493
2020/5/31 17:03,80.658897,82.509094,2.633728,2.896942,4.884275,1.353522,-80.835342
2020/5/31 17:03,80.666679,82.517967,2.632431,2.896942,4.881023,1.353291,-80.825302
2020/5/31 17:03,80.674461,82.52684,2.631134,2.896942,4.87777,1.353061,-80.815254
2020/5/31 17:03,80.682251,82.535713,2.629837,2.896942,4.874517,1.35283,-81.275421
2020/5/31 17:03,80.690033,82.544586,2.62854,2.896942,4.871265,1.3526,-79.475456
2020/5/31 17:03,80.697823,82.553459,2.627243,2.896942,4.868012,1.352369,-77.675491
2020/5/31 17:03,80.705605,82.56234,2.625946,2.896942,4.86476,1.352139,-78.394386
2020/5/31 17:03,80.713387,82.571213,2.624649,2.896942,4.861507,1.351908,-79.113281
2020/5/31 17:03,80.721176,82.580086,2.623352,2.896942,4.858255,1.351678,-79.832176
2020/5/31 17:03,80.728958,82.588959,2.622055,2.896942,4.855002,1.351447,-81.373962
2020/5/31 17:03,80.736748,82.597832,2.620758,2.896942,4.851749,1.351217,-82.915741
2020/5/31 17:03,80.74453,82.606705,2.619461,2.896942,4.848497,1.350986,-83.822151
2020/5/31 17:03,80.752312,82.615578,2.618164,2.882599,4.845244,1.350756,-84.728561
2020/5/31 17:03,80.760101,82.624451,2.6041,2.868255,4.816209,1.350525,-85.634964
2020/5/31 17:03,80.767883,82.633324,2.590037,2.853912,4.787174,1.350295,-86.541374
2020/5/31 17:03,80.775665,82.642204,2.575974,2.839569,4.758139,1.350064,-85.675751
2020/5/31 17:03,80.783455,82.651077,2.56191,2.825226,4.729104,1.349834,-84.810135
2020/5/31 17:03,80.791237,82.65995,2.547847,2.810882,4.700068,1.349603,-83.944511
2020/5/31 17:03,80.799026,82.668823,2.533783,2.796539,4.671033,1.349373,-87.267113
2020/5/31 17:03,80.806808,82.677696,2.490257,2.746948,4.641998,1.349142,-90.589714
2020/5/31 17:03,80.81459,82.686569,2.446732,2.697357,4.568069,1.348912,-93.912315
2020/5/31 17:03,80.82238,82.695442,2.403206,2.647766,4.494141,1.348681,-97.234917
2020/5/31 17:03,80.830162,82.704315,2.35968,2.598175,4.420212,1.348451,-101.984344
2020/5/31 17:03,80.837952,82.713188,2.316154,2.548584,4.346283,1.34822,-106.733772
2020/5/31 17:03,80.845734,82.722069,2.272629,2.498992,4.272354,1.34799,-111.4832
2020/5/31 17:03,80.853516,82.730942,2.229103,2.449401,4.198425,1.347759,-114.758461
2020/5/31 17:03,80.861305,82.739815,2.185577,2.43048,4.17351,1.347529,-118.03373
2020/5/31 17:03,80.869087,82.748688,2.169556,2.41156,4.148594,1.347298,-121.30899
2020/5/31 17:03,80.876877,82.757561,2.153534,2.392639,4.123679,1.347068,-127.479286
2020/5/31 17:03,80.884659,82.766434,2.137512,2.373718,4.098763,1.346837,-131.768188
2020/5/31 17:03,80.892441,82.775307,2.12149,2.354797,4.073848,1.346607,-133.435822
2020/5/31 17:03,80.90023,82.78418,2.105469,2.335876,4.048933,1.346376,-135.10347
2020/5/31 17:04,80.908012,82.793053,2.089447,2.316956,4.024017,1.346146,-134.580719
2020/5/31 17:04,80.915794,82.801933,2.104044,2.33452,4.050568,1.345915,-134.786407
2020/5/31 17:04,80.923584,82.810806,2.118642,2.352085,4.077118,1.345685,-134.992111
2020/5/31 17:04,80.931366,82.819679,2.13324,2.369649,4.103668,1.345454,-136.910156
2020/5/31 17:04,80.939156,82.828552,2.147837,2.387214,4.130219,1.345224,-138.828217
2020/5/31 17:04,80.946938,82.837425,2.162435,2.404778,4.156769,1.344993,-140.231339
2020/5/31 17:04,80.95472,82.846298,2.177032,2.422343,4.183319,1.344763,-141.63446
2020/5/31 17:04,80.962509,82.855171,2.19163,2.439908,4.209869,1.344532,-141.600021
2020/5/31 17:04,80.970291,82.864044,2.206227,2.457472,4.23642,1.344302,-142.828445
2020/5/31 17:04,80.978081,82.872917,2.220825,2.475037,4.26297,1.344071,-145.664642
2020/5/31 17:04,80.985863,82.88179,2.235511,2.491325,4.279907,1.343841,-146.582977
2020/5/31 17:04,80.993645,82.890671,2.250198,2.507614,4.296844,1.34361,-145.73024
2020/5/31 17:04,81.001434,82.899544,2.264885,2.523903,4.313781,1.34338,-144.877502
2020/5/31 17:04,81.009216,82.908417,2.279572,2.540192,4.330719,1.343149,-141.365158
2020/5/31 17:04,81.016998,82.91729,2.28331,2.544108,4.347655,1.342919,-137.852814
2020/5/31 17:04,81.024788,82.926163,2.287048,2.548024,4.364593,1.342688,-131.143112
2020/5/31 17:04,81.03257,82.935036,2.290787,2.551941,4.379699,1.342458,-124.433403
2020/5/31 17:04,81.040359,82.943909,2.294525,2.555857,4.394805,1.342227,-119.5037
2020/5/31 17:04,81.048141,82.952782,2.298264,2.559774,4.409912,1.341997,-117.266663
2020/5/31 17:04,81.055923,82.961655,2.302002,2.56369,4.425018,1.341766,-116.351387
2020/5/31 17:04,81.063713,82.970535,2.313084,2.575618,4.440125,1.341536,-118.250854
2020/5/31 17:04,81.071495,82.979408,2.324165,2.587545,4.455231,1.341305,-116.489235
2020/5/31 17:04,81.079285,82.988281,2.335247,2.599472,4.469193,1.341075,-117.555595
2020/5/31 17:04,81.087067,82.997154,2.346328,2.611399,4.483154,1.340844,-118.621956
2020/5/31 17:04,81.094849,83.006027,2.35741,2.623327,4.497116,1.340614,-115.208511
2020/5/31 17:04,81.102638,83.0149,2.368492,2.635254,4.511078,1.340383,-111.795067
2020/5/31 17:04,81.11042,83.023773,2.379573,2.654168,4.52504,1.340153,-111.131317
2020/5/31 17:04,81.118202,83.032646,2.390655,2.673083,4.539001,1.339922,-110.467567
2020/5/31 17:04,81.125992,83.041519,2.413513,2.691998,4.568625,1.339692,-109.803818
2020/5/31 17:04,81.133774,83.0504,2.43637,2.710912,4.598249,1.339461,-109.386635
2020/5/31 17:04,81.141563,83.059273,2.459228,2.729827,4.627873,1.339231,-107.822777
2020/5/31 17:04,81.149345,83.068146,2.482086,2.748741,4.657496,1.339,-106.258919
2020/5/31 17:04,81.157127,83.077019,2.504943,2.767656,4.68712,1.33877,-102.644913
2020/5/31 17:04,81.164917,83.085892,2.5223,2.78657,4.716744,1.338539,-101.652405
2020/5/31 17:04,81.172699,83.094765,2.539657,2.805485,4.746368,1.338309,-99.072144
2020/5/31 17:04,81.180489,83.103638,2.557014,2.824399,4.775992,1.338078,-96.491882
2020/5/31 17:04,81.188271,83.112511,2.574371,2.843314,4.805615,1.337848,-95.092041
2020/5/31 17:04,81.196053,83.121384,2.591728,2.862228,4.835239,1.337617,-93.692207
2020/5/31 17:04,81.203842,83.130264,2.609085,2.881143,4.864863,1.337387,-92.292366
2020/5/31 17:04,81.211624,83.139137,2.626442,2.900058,4.894487,1.337156,-93.668404
2020/5/31 17:04,81.219406,83.14801,2.643799,2.918972,4.92411,1.336926,-95.044434
2020/5/31 17:04,81.227196,83.156883,2.661156,2.937886,4.953734,1.336695,-96.420471
2020/5/31 17:04,81.234978,83.165756,2.678513,2.956801,4.98223,1.336465,-96.978119
2020/5/31 17:04,81.242767,83.174629,2.695869,2.975716,5.010726,1.336234,-97.535759
2020/5/31 17:04,81.250549,83.183502,2.713226,2.99463,5.039222,1.336004,-97.124092
2020/5/31 17:04,81.258331,83.192375,2.739128,3.013545,5.067718,1.335773,-98.464027
2020/5/31 17:04,81.266121,83.201248,2.76503,3.032459,5.096214,1.335543,-97.99408
2020/5/31 17:04,81.273903,83.210121,2.790932,3.051374,5.12471,1.335312,-97.524139
2020/5/31 17:04,81.281693,83.219002,2.816833,3.070288,5.153206,1.335082,-98.368484
2020/5/31 17:04,81.289474,83.227875,2.813896,3.089203,5.181702,1.334851,-95.872429
2020/5/31 17:04,81.297256,83.236748,2.810959,3.084015,5.172432,1.334621,-93.376373
2020/5/31 17:04,81.305046,83.245621,2.808022,3.078827,5.163162,1.33439,-90.880318
2020/5/31 17:04,81.312828,83.254494,2.805084,3.073639,5.153893,1.33416,-88.384262
2020/5/31 17:04,81.32061,83.263367,2.802147,3.068451,5.144623,1.333929,-86.335678
2020/5/31 17:04,81.3284,83.27224,2.79921,3.063263,5.135353,1.333699,-84.287086
2020/5/31 17:04,81.336182,83.281113,2.796272,3.058075,5.126083,1.333468,-83.264526
2020/5/31 17:04,81.343971,83.289986,2.793335,3.052887,5.116814,1.333238,-82.241966
2020/5/31 17:04,81.351753,83.298866,2.775662,3.032981,5.107544,1.333007,-81.219406
2020/5/31 17:04,81.359535,83.307739,2.75799,3.013075,5.079703,1.332777,-81.061668
2020/5/31 17:04,81.367325,83.316612,2.740318,2.99317,5.051863,1.332546,-79.048592
2020/5/31 17:05,81.375107,83.325485,2.722645,2.973264,5.024023,1.332316,-80.810806
2020/5/31 17:05,81.382896,83.334358,2.704973,2.953358,4.996182,1.332085,-84.804192
2020/5/31 17:05,81.390678,83.343231,2.6873,2.933452,4.968342,1.331855,-88.797585
2020/5/31 17:05,81.39846,83.352104,2.669628,2.913547,4.940501,1.331624,-92.79097
2020/5/31 17:05,81.40625,83.360977,2.651955,2.893641,4.912661,1.331394,-96.03186
2020/5/31 17:05,81.414032,83.36985,2.634283,2.873735,4.88482,1.331163,-99.272743
2020/5/31 17:05,81.421814,83.378731,2.616611,2.853829,4.85698,1.330933,-105.329033
2020/5/31 17:05,81.429604,83.387604,2.598938,2.833923,4.82914,1.330702,-110.171967
2020/5/31 17:05,81.437386,83.396477,2.598582,2.83314,4.801299,1.330472,-115.014908
2020/5/31 17:05,81.445175,83.40535,2.598226,2.832357,4.801496,1.330241,-116.736618
2020/5/31 17:05,81.452957,83.414223,2.59787,2.831573,4.801692,1.330011,-118.458321
2020/5/31 17:05,81.454277,83.423096,2.597514,2.83079,4.801888,1.32978,-118.182442
2020/5/31 17:05,81.455597,83.431969,2.597158,2.830007,4.802084,1.32955,-119.15683
2020/5/31 17:05,81.456917,83.440842,2.596802,2.829224,4.80228,1.329319,-120.131218
2020/5/31 17:05,81.458237,83.449715,2.596446,2.82844,4.802476,1.329089,-119.607025
2020/5/31 17:05,81.459557,83.458595,2.59609,2.827657,4.802673,1.328858,-119.082832
2020/5/31 17:05,81.460876,83.467468,2.595734,2.826874,4.802869,1.328628,-118.55864
2020/5/31 17:05,81.462196,83.476341,2.595378,2.826091,4.803065,1.328397,-117.572868
2020/5/31 17:05,81.463516,83.485214,2.595021,2.825307,4.803262,1.328167,-116.58709
2020/5/31 17:05,81.464836,83.494087,2.594666,2.824524,4.803458,1.327936,-115.601318
2020/5/31 17:05,81.466156,83.50296,2.59431,2.823741,4.803654,1.327706,-111.670502
2020/5/31 17:05,81.467476,83.511833,2.593953,2.822957,4.80385,1.327475,-107.739677
2020/5/31 17:05,81.468796,83.520706,2.593597,2.822174,4.804047,1.327245,-107.455795
2020/5/31 17:05,81.470116,83.529579,2.582204,2.80957,4.788744,1.327014,-108.928665
2020/5/31 17:05,81.471436,83.53846,2.570811,2.796967,4.773442,1.326784,-111.847626
2020/5/31 17:05,81.472755,83.547333,2.559418,2.784363,4.75814,1.326553,-112.610062
2020/5/31 17:05,81.474075,83.556206,2.548024,2.771759,4.742837,1.326323,-113.372505
2020/5/31 17:05,81.475395,83.565079,2.536631,2.759155,4.727535,1.326092,-117.112579
2020/5/31 17:05,81.476715,83.573952,2.525238,2.757706,4.712232,1.325862,-120.852654
2020/5/31 17:05,81.478035,83.582825,2.525523,2.756256,4.69693,1.325631,-125.717484
2020/5/31 17:05,81.479355,83.591698,2.525808,2.754807,4.700294,1.325401,-127.549149
2020/5/31 17:05,81.480675,83.600571,2.526093,2.753357,4.703659,1.32517,-128.173264
2020/5/31 17:05,81.481995,83.609444,2.526377,2.751907,4.707024,1.32494,-128.797379
2020/5/31 17:05,81.483315,83.618317,2.526662,2.750458,4.710388,1.324709,-131.368149
2020/5/31 17:05,81.484634,83.627197,2.526947,2.749008,4.713753,1.324479,-132.410355
2020/5/31 17:05,81.485962,83.63607,2.527232,2.747559,4.717117,1.324248,-133.452545
2020/5/31 17:05,81.487282,83.644943,2.527516,2.746109,4.720482,1.324018,-134.494751
2020/5/31 17:05,81.488602,83.653816,2.527801,2.744659,4.723846,1.323787,-137.995117
2020/5/31 17:05,81.489922,83.662689,2.528086,2.74321,4.727211,1.323557,-140.065796
2020/5/31 17:05,81.491241,83.671562,2.528371,2.74176,4.730576,1.323326,-139.462952
2020/5/31 17:05,81.492561,83.680435,2.528656,2.740311,4.73394,1.323096,-138.860107
2020/5/31 17:05,81.493881,83.689308,2.52894,2.738861,4.737305,1.322865,-137.149567
2020/5/31 17:05,81.495201,83.698181,2.529225,2.746338,4.740669,1.322635,-135.439041
2020/5/31 17:05,81.496521,83.707062,2.52951,2.753815,4.744034,1.322404,-135.882477
2020/5/31 17:05,81.497841,83.715935,2.535741,2.761292,4.747398,1.322174,-136.325912
2020/5/31 17:05,81.499161,83.724808,2.541971,2.768768,4.750763,1.321943,-137.706528
2020/5/31 17:05,81.500481,83.733681,2.548202,2.776245,4.754128,1.321713,-141.342133
2020/5/31 17:05,81.501801,83.742554,2.554433,2.783722,4.757492,1.321482,-141.340546
2020/5/31 17:05,81.50312,83.751427,2.560663,2.791199,4.760857,1.321252,-141.338959
2020/5/31 17:05,81.50444,83.7603,2.566894,2.798676,4.764221,1.321021,-142.595398
2020/5/31 17:05,81.50576,83.769173,2.573125,2.806152,4.773623,1.320791,-143.851822
2020/5/31 17:05,81.50708,83.778046,2.579355,2.813629,4.783025,1.32056,-142.736389
2020/5/31 17:05,81.5084,83.786926,2.585586,2.821106,4.792427,1.32033,-141.620956
2020/5/31 17:05,81.50972,83.795799,2.591817,2.828583,4.801828,1.320099,-139.604752
2020/5/31 17:05,81.51104,83.804672,2.598047,2.83606,4.81123,1.319869,-137.588547
2020/5/31 17:05,81.51236,83.813545,2.604278,2.843536,4.820632,1.319638,-137.231003
2020/5/31 17:05,81.51368,83.822418,2.606872,2.849091,4.830033,1.319408,-136.873459
2020/5/31 17:05,81.514999,83.831291,2.609466,2.854645,4.839435,1.319177,-136.5159
2020/5/31 17:05,81.516319,83.840164,2.61206,2.860199,4.848837,1.318947,-136.158356
2020/5/31 17:05,81.517639,83.849037,2.614654,2.865753,4.858239,1.318716,-135.800812
2020/5/31 17:06,81.518959,83.85791,2.617248,2.871307,4.86764,1.318486,-131.0112
2020/5/31 17:06,81.520279,83.866791,2.619843,2.858222,4.877042,1.318255,-128.459961
2020/5/31 17:06,81.521599,83.875664,2.622437,2.845138,4.886444,1.318025,-127.414398
2020/5/31 17:06,81.522919,83.884537,2.608373,2.832054,4.865452,1.317794,-123.745461
2020/5/31 17:06,81.524239,83.89341,2.59431,2.81897,4.84446,1.317564,-122.677605
2020/5/31 17:06,81.525558,83.902283,2.580246,2.81403,4.823469,1.317333,-121.609749
2020/5/31 17:06,81.526878,83.911156,2.566182,2.80909,4.802477,1.317103,-119.191032
2020/5/31 17:06,81.528198,83.920029,2.552119,2.804149,4.781486,1.316872,-118.800674
2020/5/31 17:06,81.529518,83.928902,2.538055,2.799209,4.760494,1.316642,-120.6745
2020/5/31 17:06,81.530838,83.937775,2.537598,2.794269,4.739502,1.316411,-124.019501
2020/5/31 17:06,81.532158,83.946648,2.53714,2.789329,4.739502,1.316181,-125.875504
2020/5/31 17:06,81.533478,83.955528,2.536682,2.784389,4.739502,1.31595,-125.36734
2020/5/31 17:06,81.534798,83.964401,2.536224,2.779449,4.739502,1.31572,-124.859177
2020/5/31 17:06,81.536118,83.973274,2.535767,2.775889,4.739502,1.315489,-124.351006
2020/5/31 17:06,81.537437,83.982147,2.535309,2.772329,4.739502,1.315259,-123.842842
2020/5/31 17:06,81.538757,83.99102,2.534851,2.768768,4.739502,1.315028,-124.948624
2020/5/31 17:06,81.540077,83.999893,2.529757,2.760223,4.728859,1.314798,-126.054405
2020/5/31 17:06,81.541397,84.008766,2.524663,2.751678,4.718216,1.314567,-125.437317
2020/5/31 17:06,81.542717,84.017639,2.519569,2.743133,4.707573,1.314337,-124.820236
2020/5/31 17:06,81.544037,84.026512,2.514475,2.734588,4.69693,1.314106,-124.203148
2020/5/31 17:06,81.545357,84.035393,2.50938,2.726043,4.686287,1.313876,-122.459793
2020/5/31 17:06,81.546677,84.044266,2.504286,2.717499,4.675644,1.313645,-121.984047
2020/5/31 17:06,81.547997,84.053139,2.499192,2.708953,4.665001,1.313415,-122.948212
2020/5/31 17:06,81.549324,84.062012,2.494098,2.700408,4.654358,1.313184,-121.470184
2020/5/31 17:06,81.550644,84.070885,2.489004,2.691864,4.643715,1.312954,-118.355377
2020/5/31 17:06,81.551964,84.079758,2.48391,2.691982,4.633072,1.312723,-113.271927
2020/5/31 17:06,81.553284,84.088631,2.478816,2.692101,4.622429,1.312493,-109.702095
2020/5/31 17:06,81.554604,84.097504,2.473722,2.69222,4.611786,1.312262,-108.311874
2020/5/31 17:06,81.555923,84.106377,2.468627,2.692338,4.612998,1.312032,-109.418457
2020/5/31 17:06,81.557243,84.115257,2.468912,2.692457,4.614209,1.311801,-110.525047
2020/5/31 17:06,81.558563,84.12413,2.469197,2.692576,4.615421,1.311571,-111.63163
2020/5/31 17:06,81.559883,84.133003,2.469482,2.692694,4.616633,1.31134,-113.928452
2020/5/31 17:06,81.561203,84.141876,2.469767,2.692813,4.617845,1.31111,-116.225266
2020/5/31 17:06,81.562523,84.150749,2.470052,2.692932,4.619056,1.310879,-118.522087
2020/5/31 17:06,81.563843,84.159622,2.470337,2.693051,4.620268,1.310649,-117.420959
2020/5/31 17:06,81.565163,84.168495,2.470622,2.693169,4.62148,1.310418,-116.319832
2020/5/31 17:06,81.566483,84.177368,2.470906,2.693288,4.622692,1.310188,-112.290344
2020/5/31 17:06,81.567802,84.186241,2.471191,2.693407,4.623903,1.309957,-111.233688
2020/5/31 17:06,81.569122,84.195122,2.471476,2.693525,4.625115,1.309727,-110.177032
2020/5/31 17:06,81.570442,84.203995,2.471761,2.693644,4.626327,1.309496,-109.120369
2020/5/31 17:06,81.571762,84.212868,2.472046,2.693763,4.627538,1.309266,-108.063713
2020/5/31 17:06,81.573082,84.221741,2.472331,2.693882,4.62875,1.309035,-107.007057
2020/5/31 17:06,81.574402,84.230614,2.472615,2.694,4.629962,1.308805,-106.599731
2020/5/31 17:06,81.575722,84.239487,2.4729,2.689727,4.631174,1.308574,-106.192398
2020/5/31 17:06,81.577042,84.24836,2.500671,2.731384,4.632385,1.308344,-109.672218
2020/5/31 17:06,81.578362,84.257233,3.942627,4.374146,5.735138,1.308113,-113.152031
2020/5/31 17:06,81.579681,84.266106,4.87616,5.205139,6.461609,1.307883,-116.631851
2020/5/31 17:06,81.581001,84.274979,5.13037,5.382446,6.699188,1.307652,-117.580856
2020/5/31 17:06,82.04213,84.283859,5.437988,5.608887,6.936768,1.307422,-118.529861
2020/5/31 17:06,82.50325,84.292732,5.52771,5.735992,7.009552,1.307191,-121.262444
2020/5/31 17:06,82.964378,84.301605,5.572037,5.756287,7.082336,1.306961,-122.341866
2020/5/31 17:06,83.425499,84.310478,5.616364,5.776581,7.155121,1.30673,-105.538994
2020/5/31 17:06,83.886627,84.319351,5.728516,5.820908,7.227905,1.3065,-83.590157
2020/5/31 17:06,84.627716,84.328224,5.726913,5.865234,7.30069,1.306269,-63.676945
2020/5/31 17:06,85.368805,84.337097,5.72531,5.90956,7.367065,1.306039,-45.477528
2020/5/31 17:06,86.109901,84.34597,5.821441,5.953887,7.433441,1.305808,-20.425413
2020/5/31 17:06,86.85099,84.354843,5.917572,6.107697,7.499817,1.305578,8.488112
2020/5/31 17:06,87.592079,84.363724,5.860962,6.099151,7.493294,1.305347,33.933849
2020/5/31 17:06,88.333168,84.372597,5.741333,6.016907,7.48677,1.305117,49.760674
2020/5/31 17:06,89.074265,84.38147,5.811829,6.064971,7.480247,1.304886,52.843918
2020/5/31 17:07,89.815353,84.390343,5.819305,6.017975,7.473723,1.304656,50.004051
2020/5/31 17:07,90.556442,84.399216,5.826782,6.101288,7.505652,1.304425,42.410046
2020/5/31 17:07,91.484741,84.491516,5.834259,6.039337,7.537581,1.304195,26.250998
2020/5/31 17:07,92.413033,84.583824,5.841736,6.119446,7.56951,1.303964,-0.045433
2020/5/31 17:07,93.341331,84.676125,5.885528,6.199554,7.601439,1.303734,-34.23502
2020/5/31 17:07,94.269623,84.768433,5.82785,6.068175,7.513549,1.303503,-61.188858
2020/5/31 17:07,95.197922,84.860733,5.963501,6.101288,7.536896,1.303273,-81.21019
2020/5/31 17:07,96.126213,84.953041,5.889267,6.022247,7.472351,1.303042,-99.660095
2020/5/31 17:07,97.054512,85.045341,5.815033,5.943207,7.407806,1.302812,-118.110001
2020/5/31 17:07,97.982811,85.13765,5.806488,5.91864,7.438019,1.302581,-140.040237
2020/5/31 17:07,98.911102,85.22995,5.928253,5.976318,7.468231,1.302351,-163.565689
2020/5/31 17:07,99.839401,85.322258,5.833191,5.950684,7.400939,1.30212,-185.603439
2020/5/31 17:07,100.767693,85.414558,5.906891,5.988068,7.416961,1.30189,-209.302307
2020/5/31 17:07,101.695992,85.506866,5.886597,6.025452,7.432982,1.301659,-226.921982
2020/5/31 17:07,102.62429,85.599167,5.795807,6.013702,7.449004,1.301429,-238.09993
2020/5/31 17:07,103.552582,85.691475,6.187805,6.334137,7.670104,1.301198,-246.785706
2020/5/31 17:07,104.480881,85.783775,6.209167,6.329865,7.624786,1.300968,-247.209747
2020/5/31 17:07,105.409172,85.876083,5.654816,5.868439,7.337769,1.300737,-242.290878
2020/5/31 17:07,106.337471,85.968384,5.88446,6.109833,7.410552,1.300507,-237.372009
2020/5/31 17:07,107.265762,86.060692,6.179259,6.450562,7.589081,1.2925,-232.45314
2020/5/31 17:07,108.194061,86.152992,6.733612,7.009186,7.887085,1.284494,-226.273712
2020/5/31 17:07,109.485725,86.2453,6.962189,7.262328,8.046387,1.276488,-217.233307
2020/5/31 17:07,110.777382,86.337601,7.378754,7.721619,8.305939,1.268482,-208.192902
2020/5/31 17:07,112.069046,86.429909,7.208922,7.497314,8.197449,1.260476,-201.292511
2020/5/31 17:07,113.944145,86.522209,7.312531,7.604126,8.235901,1.252469,-194.39212
2020/5/31 17:07,115.819244,86.614517,7.259125,7.546448,8.274352,1.244463,-184.459793
2020/5/31 17:07,118.344345,86.706818,7.390503,7.669281,8.312804,1.236457,-172.281143
2020/5/31 17:07,120.869438,86.989021,7.251648,7.536834,8.204314,1.228451,-160.102493
2020/5/31 17:07,124.177414,87.271217,7.362732,7.632965,8.223541,1.220444,-144.361649
2020/5/31 17:07,127.485397,87.553421,7.239898,7.509064,8.105438,1.212438,-125.865189
2020/5/31 17:07,131.183868,87.835617,6.954712,7.19931,7.767608,1.204432,-107.368729
2020/5/31 17:07,134.882339,88.117821,6.599029,6.846831,7.328156,1.196426,-96.538696
2020/5/31 17:07,138.580826,88.708267,6.39502,6.647095,7.064484,1.18842,-95.000565
2020/5/31 17:07,142.279297,89.298714,6.339477,6.594756,6.965607,1.180413,-98.61129
2020/5/31 17:07,145.977768,89.889168,6.384338,6.642288,7.003601,1.172407,-115.408661
2020/5/31 17:07,149.116776,90.479614,6.429199,6.689819,7.041595,1.164401,-151.516342
2020/5/31 17:07,152.255798,91.070061,6.511444,6.772776,7.07959,1.156395,-204.78244
2020/5/31 17:07,155.394806,92.002136,6.593689,6.855733,7.131775,1.148389,-266.782532
2020/5/31 17:07,157.973923,92.934212,6.675934,6.93869,7.183959,1.140382,-327.438293
2020/5/31 17:07,160.55304,93.866287,6.730408,6.993164,7.236144,1.132376,-380.120667
2020/5/31 17:07,163.132156,94.798355,6.829742,7.091431,7.288329,1.12437,-421.02536
2020/5/31 17:07,165.136978,95.730431,6.990494,7.25325,7.44168,1.116364,-448.954132
2020/5/31 17:07,167.141815,96.662506,7.151245,7.415069,7.595031,1.108358,-466.584351
2020/5/31 17:07,169.146637,97.594582,7.376083,7.635635,7.748382,1.100351,-474.985443
2020/5/31 17:07,171.151459,98.526657,7.600922,7.856201,7.994201,1.092345,-472.890808
2020/5/31 17:07,172.653793,99.54937,7.877563,8.132131,8.24002,1.084339,-464.481079
2020/5/31 17:07,174.156113,100.572075,8.154205,8.408061,8.48584,1.076333,-452.211945
2020/5/31 17:07,175.658447,101.594788,8.430847,8.68399,8.731659,1.068326,-439.94281
2020/5/31 17:07,177.160767,102.6175,8.722798,8.974874,8.977478,1.06032,-421.042053
2020/5/31 17:07,178.663101,103.640205,9.01475,9.265758,9.226959,1.052314,-397.202057
2020/5/31 17:07,179.8078,104.662918,9.306701,9.556641,9.476439,1.044308,-372.466919
2020/5/31 17:07,180.952499,105.685623,9.564117,9.814055,9.725921,1.036302,-347.731812
2020/5/31 17:07,182.097198,106.708336,9.773468,10.024474,9.892089,1.028295,-321.935913
2020/5/31 17:07,183.241898,107.731049,9.931549,10.183624,10.058257,1.020289,-293.306885
2020/5/31 17:07,184.386597,108.753754,10.029816,10.281357,10.146149,1.012283,-264.677826
2020/5/31 17:07,185.531296,109.776466,10.128082,10.379089,10.234039,1.004277,-237.071976
2020/5/31 17:07,186.413513,110.799179,10.144638,10.396179,10.228546,0.996271,-212.081894
2020/5/31 17:07,187.295731,111.821884,10.161193,10.413268,10.223053,0.988264,-190.130325
2020/5/31 17:07,188.177948,112.844597,10.133155,10.38523,10.21756,0.980258,-170.842148
2020/5/31 17:07,189.060181,113.707794,10.105118,10.357192,10.212067,0.972252,-152.940613
2020/5/31 17:08,189.942398,114.570984,10.07708,10.329154,10.167778,0.964246,-138.292587
2020/5/31 17:08,190.824615,115.434181,10.049042,10.301116,10.123489,0.956239,-126.139671
2020/5/31 17:08,191.487518,116.297379,10.002045,10.253852,10.079201,0.948233,-116.355461
2020/5/31 17:08,192.150421,117.160576,9.955048,10.206588,10.034912,0.940227,-111.134491
2020/5/31 17:08,192.813339,118.023773,9.908051,10.159324,9.990623,0.932221,-109.148544
2020/5/31 17:08,193.476242,118.886963,9.861053,10.11206,9.946335,0.924215,-108.905045
2020/5/31 17:08,194.139145,119.75016,9.812836,10.06314,9.902046,0.916208,-111.909088
2020/5/31 17:08,194.802048,120.613358,9.764618,10.01422,9.857758,0.908202,-114.913139
2020/5/31 17:08,195.464951,121.476547,9.7164,9.965301,9.813469,0.900196,-117.917183
2020/5/31 17:08,196.127869,122.339745,9.668182,9.916381,9.76918,0.89219,-123.112648
2020/5/31 17:08,196.790771,123.202942,9.619965,9.867461,9.724892,0.884184,-134.03067
2020/5/31 17:08,197.453674,123.899353,9.571747,9.828155,9.680603,0.876177,-146.309891
2020/5/31 17:08,197.876282,124.595757,9.523529,9.788848,9.636314,0.868171,-156.377274
2020/5/31 17:08,198.298874,125.292168,9.49469,9.749542,9.592026,0.860165,-168.747971
2020/5/31 17:08,198.721481,125.988579,9.465851,9.710236,9.547737,0.852159,-180.153656
2020/5/31 17:08,199.144073,126.684982,9.437011,9.670929,9.503448,0.844153,-191.559341
2020/5/31 17:08,199.566681,127.381393,9.408172,9.660782,9.500898,0.836146,-199.385452
2020/5/31 17:08,199.989273,128.077805,9.379333,9.650635,9.498347,0.82814,-205.228317
2020/5/31 17:08,200.41188,128.774216,9.382537,9.640488,9.495797,0.820134,-211.071198
2020/5/31 17:08,200.834473,129.470612,9.385741,9.630341,9.493246,0.812128,-216.914063
2020/5/31 17:08,201.25708,130.167023,9.388946,9.634791,9.490696,0.804121,-222.756927
2020/5/31 17:08,201.679672,130.863434,9.392151,9.639241,9.488145,0.796115,-226.553131
2020/5/31 17:08,202.10228,131.407547,9.395355,9.643692,9.485595,0.788109,-230.34935
2020/5/31 17:08,202.337555,131.951645,9.39856,9.648143,9.486968,0.780103,-235.791916
2020/5/31 17:08,202.572815,132.495758,9.401764,9.652593,9.488341,0.772097,-238.190048
2020/5/31 17:08,202.80809,133.039856,9.404968,9.657043,9.489715,0.76409,-240.588181
2020/5/31 17:08,203.043365,133.583969,9.23941,9.488281,9.329041,0.756084,-240.722046
2020/5/31 17:08,203.278625,134.128067,8.945679,9.192769,9.031036,0.748078,-240.855927
2020/5/31 17:08,203.513901,134.67218,8.651947,8.897257,8.733031,0.740072,-238.470718
2020/5/31 17:08,203.749176,135.216278,8.358215,8.601745,8.435027,0.732065,-232.831345
2020/5/31 17:08,203.984451,135.760391,8.127502,8.374237,8.226288,0.724059,-227.191971
2020/5/31 17:08,204.219711,136.304489,7.960342,8.207611,8.017548,0.716053,-221.552597
2020/5/31 17:08,204.454987,136.848602,7.793182,8.040984,7.896698,0.708047,-216.934418
2020/5/31 17:08,204.690262,137.25827,7.686905,7.935241,7.775848,0.700041,-210.636978
2020/5/31 17:08,204.925522,137.667938,7.580627,7.829498,7.654998,0.692034,-200.919754
2020/5/31 17:08,205.160797,138.077606,7.505859,7.753662,7.57672,0.684028,-191.202515
2020/5/31 17:08,205.252289,138.487259,7.549652,7.802795,7.615173,0.676022,-181.485291
2020/5/31 17:08,205.343781,138.896927,7.735504,7.986511,7.787865,0.668016,-175.37085
2020/5/31 17:08,205.435257,139.306595,7.921356,8.170227,7.960556,0.66001,-169.256424
2020/5/31 17:08,205.526749,139.716263,8.107208,8.353943,8.133247,0.652003,-166.087677
2020/5/31 17:08,205.61824,140.125931,8.223633,8.470901,8.305939,0.643997,-164.756165
2020/5/31 17:08,205.709732,140.535599,8.340057,8.58786,8.37735,0.635991,-163.424652
2020/5/31 17:08,205.801224,140.945267,8.397202,8.645004,8.448761,0.627985,-160.427933
2020/5/31 17:08,205.8927,141.354919,8.454346,8.702148,8.520172,0.619979,-159.56488
2020/5/31 17:08,205.984192,141.764587,8.46743,8.715767,8.526581,0.611972,-158.701843
2020/5/31 17:08,206.075684,142.174255,8.480515,8.729385,8.53299,0.603966,-156.389404
2020/5/31 17:08,206.167175,142.583923,8.493599,8.743004,8.539398,0.59596,-154.076965
2020/5/31 17:08,206.258667,142.860397,8.506683,8.756622,8.545806,0.587954,-155.084839
2020/5/31 17:08,206.350159,143.136887,8.49173,8.741516,8.552215,0.579947,-158.094666
2020/5/31 17:08,206.441635,143.413361,8.476776,8.72641,8.558623,0.571941,-161.104507
2020/5/31 17:08,206.533127,143.689835,8.461823,8.711304,8.532378,0.563935,-163.210037
2020/5/31 17:08,206.624619,143.966309,8.446869,8.696197,8.506133,0.555929,-165.315552
2020/5/31 17:08,206.578323,144.242798,8.431915,8.68109,8.479888,0.547923,-167.421082
2020/5/31 17:08,206.532043,144.519272,8.416962,8.665984,8.453643,0.539916,-167.665085
2020/5/31 17:08,206.485748,144.795746,8.402008,8.650878,8.427398,0.53191,-166.471725
2020/5/31 17:08,206.439453,145.072235,8.361954,8.610645,8.401153,0.523904,-168.02681
2020/5/31 17:08,206.393173,145.348709,8.321899,8.570414,8.374907,0.515898,-169.581879
2020/5/31 17:08,206.346878,145.625183,8.281845,8.530182,8.348662,0.507892,-171.136963
2020/5/31 17:08,206.300583,145.901672,8.241791,8.489949,8.322417,0.499885,-172.692032
2020/5/31 17:08,206.254303,146.178146,8.201736,8.449717,8.260619,0.491879,-174.247116
2020/5/31 17:09,206.208008,146.45462,8.161682,8.409485,8.198821,0.483873,-174.056458
2020/5/31 17:09,206.161713,146.731094,8.097328,8.342407,8.137023,0.475867,-173.865814
2020/5/31 17:09,206.115433,147.007584,8.032974,8.27533,8.075226,0.467861,-173.675156
2020/5/31 17:09,206.069138,147.284058,7.96862,8.208252,8.013428,0.459854,-176.073105
2020/5/31 17:09,206.022858,147.465607,7.904266,8.141174,7.95163,0.451848,-179.875
2020/5/31 17:09,205.976563,147.647171,7.812195,8.074097,7.889832,0.443842,-182.056824
2020/5/31 17:09,205.930267,147.82872,7.720123,7.975616,7.784431,0.435836,-184.238647
2020/5/31 17:09,205.883987,148.010284,7.628052,7.877136,7.679031,0.427829,-184.734009
2020/5/31 17:09,205.837692,148.191833,7.53598,7.778656,7.573631,0.419823,-183.442719
2020/5/31 17:09,205.791397,148.373398,7.443909,7.680176,7.468231,0.411817,-182.151428
2020/5/31 17:09,205.745117,148.554947,7.324458,7.581696,7.362831,0.403811,-180.860138
2020/5/31 17:09,205.698822,148.736511,7.205007,7.460999,7.257431,0.395805,-176.507263
2020/5/31 17:09,205.652527,148.91806,7.085556,7.340302,7.152031,0.387798,-172.154373
2020/5/31 17:09,205.606247,149.099609,6.966105,7.219604,7.046631,0.379792,-169.127304
2020/5/31 17:09,205.559952,149.281174,6.846654,7.098907,6.900277,0.371786,-169.163345
2020/5/31 17:09,205.422958,149.462723,6.727203,6.97821,6.753923,0.36378,-170.733276
2020/5/31 17:09,205.285965,149.644287,6.573288,6.823441,6.60757,0.355774,-171.510406
2020/5/31 17:09,205.148972,149.825836,6.419373,6.668671,6.461216,0.347767,-172.287537
2020/5/31 17:09,205.011978,150.007401,6.265457,6.513901,6.314862,0.339761,-173.064667
2020/5/31 17:09,204.874985,150.18895,6.111542,6.359131,6.168509,0.331755,-173.633621
2020/5/31 17:09,204.737991,150.370514,5.957626,6.204361,6.022155,0.323749,-174.20256
2020/5/31 17:09,204.600998,150.552063,5.803711,6.049591,5.873055,0.315742,-174.771515
2020/5/31 17:09,204.464005,150.647675,5.649796,5.894821,5.723955,0.307736,-171.098969
2020/5/31 17:09,204.327011,150.743286,5.49588,5.740051,5.574855,0.29973,-165.879471
2020/5/31 17:09,204.190018,150.838898,5.341965,5.585281,5.425755,0.291724,-160.659958
2020/5/31 17:09,204.053024,150.934509,5.188049,5.430511,5.276655,0.283718,-155.44046
2020/5/31 17:09,203.916031,151.030121,5.058807,5.301981,5.127554,0.275711,-151.710083
2020/5/31 17:09,203.779037,151.125732,4.929565,5.173452,4.978455,0.267705,-147.979691
2020/5/31 17:09,203.642044,151.221344,4.800323,5.044922,4.861038,0.259699,-144.249313
2020/5/31 17:09,203.505051,151.316956,4.671082,4.916392,4.743622,0.251693,-139.457184
2020/5/31 17:09,203.368057,151.412567,4.54184,4.787862,4.626205,0.243687,-134.665054
2020/5/31 17:09,203.231049,151.508179,4.412598,4.659332,4.508789,0.23568,-128.459976
2020/5/31 17:09,203.094055,151.60379,4.320027,4.566406,4.391373,0.227674,-122.254906
2020/5/31 17:09,202.957062,151.699402,4.227458,4.47348,4.273956,0.219668,-117.563904
2020/5/31 17:09,202.820068,151.795013,4.134887,4.380554,4.215729,0.211662,-115.745613
2020/5/31 17:09,202.683075,151.890625,4.082817,4.327682,4.157501,0.203656,-113.927322
2020/5/31 17:09,202.546082,151.986237,4.030746,4.274811,4.099274,0.195649,-111.430702
2020/5/31 17:09,202.409088,152.081848,3.978676,4.221939,4.041046,0.187643,-108.934082
2020/5/31 17:09,202.272095,152.17746,3.926605,4.169067,3.982819,0.179637,-107.720146
2020/5/31 17:09,202.135101,152.273071,3.904709,4.148559,3.96591,0.171631,-109.105072
2020/5/31 17:09,201.998108,152.368683,3.882813,4.128051,3.949001,0.163624,-111.553719
2020/5/31 17:09,201.861115,152.464294,3.860916,4.107543,3.932093,0.155618,-114.002365
2020/5/31 17:09,201.724121,152.559906,3.83902,4.087036,3.915184,0.147612,-115.975464
2020/5/31 17:09,201.587128,152.655518,3.817123,4.066528,3.898275,0.139606,-115.942642
2020/5/31 17:09,201.450134,152.751129,3.795227,4.04602,3.881367,0.1316,-115.909813
2020/5/31 17:09,201.313141,152.846741,3.773331,4.025512,3.864458,0.123593,-116.796906
2020/5/31 17:09,201.176147,152.942352,3.751434,4.005004,3.847549,0.115587,-117.683998
2020/5/31 17:09,201.039154,153.037964,3.74175,3.984497,3.830641,0.107581,-118.571091
2020/5/31 17:09,200.865128,153.072876,3.732066,3.963989,3.813732,0.099575,-120.53495
2020/5/31 17:09,200.691116,153.107788,3.722382,3.955596,3.796824,0.091569,-123.720612
2020/5/31 17:09,200.51709,153.142685,3.712697,3.947204,3.779915,0.083562,-126.906265
2020/5/31 17:09,200.343079,153.177597,3.703013,3.938812,3.763006,0.075556,-128.365494
2020/5/31 17:09,200.169052,153.212509,3.693329,3.93042,3.746098,0.06755,-132.243866
2020/5/31 17:09,199.995041,153.247421,3.683645,3.922027,3.729189,0.059544,-136.122223
2020/5/31 17:09,199.821014,153.282333,3.67396,3.913635,3.71228,0.051537,-140.000595
2020/5/31 17:09,199.647003,153.31723,3.664276,3.905243,3.706591,0.043531,-143.878967
2020/5/31 17:09,199.472977,153.352142,3.654592,3.89685,3.700902,0.035525,-146.76033
2020/5/31 17:09,199.29895,153.387054,3.644908,3.888458,3.695212,0.027519,-149.641693
2020/5/31 17:09,199.124939,153.421967,3.635223,3.880066,3.689523,0.019513,-151.598907
2020/5/31 17:09,198.950912,153.456879,3.625539,3.871674,3.683834,0.011506,-151.921097
2020/5/31 17:10,198.776901,153.491776,3.615855,3.863281,3.678144,0.0035,-152.243286
2020/5/31 17:10,198.602875,153.526688,3.606171,3.854889,3.672455,-0.004506,-155.643341
2020/5/31 17:10,198.428864,153.5616,3.602903,3.846497,3.666765,-0.012512,-157.200195
2020/5/31 17:10,198.254837,153.596512,3.599636,3.843364,3.661076,-0.012513,-158.757034
2020/5/31 17:10,198.080811,153.631424,3.596369,3.84023,3.655387,-0.012515,-163.401215
2020/5/31 17:10,197.906799,153.666321,3.593102,3.837097,3.649698,-0.012516,-168.045395
2020/5/31 17:10,197.732773,153.701233,3.589835,3.833964,3.644008,-0.012517,-171.420456
2020/5/31 17:10,197.558762,153.736145,3.586568,3.830831,3.638319,-0.012518,-171.958969
2020/5/31 17:10,197.384735,153.771057,3.5833,3.827698,3.632629,-0.012519,-166.636719
2020/5/31 17:10,197.210724,153.805969,3.580033,3.824564,3.62694,-0.01252,-161.314468
2020/5/31 17:10,197.036697,153.840866,3.576766,3.821431,3.621251,-0.012522,-157.306778
2020/5/31 17:10,196.862686,153.875778,3.573499,3.818298,3.615561,-0.012523,-154.986832
2020/5/31 17:10,196.68866,153.91069,3.570232,3.815165,3.609872,-0.012524,-156.890671
2020/5/31 17:10,196.514633,153.945602,3.566965,3.812032,3.604183,-0.012525,-156.558456
2020/5/31 17:10,196.340622,153.980515,3.563697,3.808898,3.598493,-0.012526,-154.976364
2020/5/31 17:10,196.166595,154.015411,3.56043,3.805765,3.592804,-0.012527,-158.87767
2020/5/31 17:10,195.992584,154.050323,3.557163,3.802632,3.587115,-0.012529,-165.164948
2020/5/31 17:10,195.818558,154.085236,3.553896,3.799499,3.581425,-0.01253,-171.452209
2020/5/31 17:10,195.644547,154.07196,3.550629,3.78707,3.575736,-0.012531,-176.417465
2020/5/31 17:10,195.47052,154.05867,3.53685,3.774641,3.570047,-0.012532,-179.570663
2020/5/31 17:10,195.296494,154.045395,3.523071,3.762212,3.564357,-0.012533,-180.637054
2020/5/31 17:10,195.122482,154.032104,3.509293,3.749783,3.558668,-0.012535,-179.082245
2020/5/31 17:10,194.948456,154.018829,3.495514,3.737354,3.552979,-0.012536,-177.527451
2020/5/31 17:10,194.774445,154.005554,3.481735,3.724925,3.545807,-0.012537,-174.170944
2020/5/31 17:10,194.600418,153.992264,3.467957,3.712496,3.538635,-0.012538,-167.580978
2020/5/31 17:10,194.426407,153.978989,3.454178,3.700067,3.531463,-0.012539,-163.366211
2020/5/31 17:10,194.25238,153.965714,3.440399,3.687638,3.524292,-0.01254,-163.119507
2020/5/31 17:10,194.078369,153.952423,3.42662,3.675209,3.51712,-0.012542,-167.027588
2020/5/31 17:10,193.904343,153.939148,3.412842,3.66278,3.509948,-0.012543,-170.935684
2020/5/31 17:10,193.730316,153.925858,3.41642,3.666305,3.502777,-0.012544,-172.574402
2020/5/31 17:10,193.556305,153.912582,3.419998,3.66983,3.495605,-0.012545,-172.798233
2020/5/31 17:10,193.382278,153.899307,3.423576,3.673355,3.488433,-0.012546,-171.237
2020/5/31 17:10,193.208267,153.886017,3.427155,3.676879,3.490255,-0.012547,-172.26207
2020/5/31 17:10,193.034241,153.872742,3.430733,3.680404,3.492077,-0.012549,-175.013397
2020/5/31 17:10,192.860229,153.859467,3.434311,3.683929,3.493899,-0.01255,-174.284241
2020/5/31 17:10,192.686203,153.846176,3.437889,3.687454,3.49572,-0.012551,-170.726883
2020/5/31 17:10,192.512177,153.832901,3.441467,3.690979,3.497542,-0.012552,-165.142166
2020/5/31 17:10,192.338165,153.819611,3.445045,3.694504,3.499364,-0.012553,-157.355637
2020/5/31 17:10,192.164139,153.806335,3.448624,3.698028,3.501185,-0.012555,-149.569122
2020/5/31 17:10,191.990128,153.79306,3.452202,3.701553,3.503007,-0.012556,-141.782593
2020/5/31 17:10,191.816101,153.77977,3.45578,3.705078,3.504829,-0.012557,-133.996063
2020/5/31 17:10,191.64209,153.766495,3.459358,3.708603,3.506651,-0.012558,-129.364578
2020/5/31 17:10,191.468063,153.75322,3.462936,3.712127,3.508472,-0.012559,-127.91362
2020/5/31 17:10,191.294052,153.739929,3.466515,3.715652,3.510294,-0.01256,-129.621552
2020/5/31 17:10,191.120026,153.726654,3.470093,3.719177,3.512116,-0.012562,-131.329483
2020/5/31 17:10,190.945999,153.713364,3.473671,3.722702,3.513937,-0.012563,-130.963501
2020/5/31 17:10,190.771988,153.700089,3.477249,3.726227,3.515759,-0.012564,-124.846916
2020/5/31 17:10,190.597961,153.686813,3.480827,3.729752,3.517581,-0.012565,-121.178017
2020/5/31 17:10,190.42395,153.673523,3.484406,3.733276,3.519403,-0.012566,-117.509109
2020/5/31 17:10,190.249924,153.660248,3.486063,3.734713,3.521224,-0.012567,-113.84021
2020/5/31 17:10,190.075912,153.646973,3.48772,3.736149,3.523046,-0.012569,-113.482368
2020/5/31 17:10,189.901886,153.633682,3.489378,3.737586,3.524868,-0.01257,-115.875275
2020/5/31 17:10,189.727859,153.620407,3.491035,3.739022,3.52669,-0.012571,-118.268173
2020/5/31 17:10,189.553848,153.607117,3.492692,3.740458,3.528511,-0.012572,-119.261856
2020/5/31 17:10,189.379822,153.593842,3.49435,3.741895,3.530333,-0.012573,-118.621704
2020/5/31 17:10,189.205811,153.580566,3.496007,3.743331,3.532155,-0.012575,-117.981552
2020/5/31 17:10,189.031784,153.567276,3.497665,3.744768,3.533976,-0.012576,-117.341408
2020/5/31 17:10,188.857773,153.554001,3.499322,3.746204,3.535798,-0.012577,-116.701256
2020/5/31 17:10,188.683746,153.540726,3.50098,3.747641,3.53762,-0.012578,-113.984703
2020/5/31 17:10,188.509735,153.527435,3.502637,3.749077,3.539442,-0.012579,-109.325142
2020/5/31 17:11,188.335709,153.51416,3.504294,3.750514,3.541263,-0.01258,-104.665588
2020/5/31 17:11,188.161682,153.50087,3.505952,3.75195,3.543085,-0.012582,-100.006027
2020/5/31 17:11,187.987671,153.487595,3.507609,3.753386,3.544907,-0.012583,-98.651466
2020/5/31 17:11,187.813644,153.474319,3.509267,3.754823,3.546728,-0.012584,-100.65036
2020/5/31 17:11,187.639633,153.461029,3.510924,3.756259,3.54855,-0.012585,-100.048904
2020/5/31 17:11,187.465607,153.447754,3.512581,3.757696,3.550372,-0.012586,-99.447456
2020/5/31 17:11,187.291595,153.434479,3.514239,3.759132,3.552194,-0.012587,-103.711578
2020/5/31 17:11,187.117569,153.421188,3.515896,3.760569,3.554015,-0.012589,-107.975693
2020/5/31 17:11,186.943542,153.407913,3.517554,3.762005,3.555837,-0.01259,-110.11657
2020/5/31 17:11,186.769531,153.394623,3.519211,3.763441,3.557659,-0.012591,-112.257439
2020/5/31 17:11,186.595505,153.381348,3.520868,3.764878,3.55948,-0.012592,-114.398315
2020/5/31 17:11,186.421494,153.368073,3.522526,3.766314,3.561302,-0.012593,-113.611748
2020/5/31 17:11,186.247467,153.354782,3.524183,3.767751,3.563124,-0.012594,-110.475426
2020/5/31 17:11,186.073456,153.341507,3.525841,3.769187,3.564946,-0.012596,-111.802658
2020/5/31 17:11,185.899429,153.328232,3.527498,3.770624,3.566767,-0.012597,-113.12989
2020/5/31 17:11,185.725418,153.314941,3.529155,3.77206,3.568589,-0.012598,-117.248215
2020/5/31 17:11,185.551392,153.301666,3.530813,3.773496,3.570411,-0.012599,-121.366531
2020/5/31 17:11,185.377365,153.288376,3.53247,3.774933,3.572232,-0.0126,-122.890823
2020/5/31 17:11,185.203354,153.275101,3.525492,3.768595,3.574054,-0.012602,-124.415108
2020/5/31 17:11,185.029327,153.261826,3.518514,3.762258,3.575876,-0.012603,-127.971779
2020/5/31 17:11,184.855316,153.248535,3.511535,3.75592,3.577698,-0.012604,-133.370026
2020/5/31 17:11,184.68129,153.23526,3.504557,3.749583,3.57312,-0.012605,-138.768265
2020/5/31 17:11,184.507278,153.221985,3.497579,3.743245,3.568542,-0.012606,-142.390091
2020/5/31 17:11,184.333252,153.208694,3.4906,3.736908,3.563965,-0.012607,-144.052948
2020/5/31 17:11,184.159225,153.195419,3.483622,3.730571,3.559387,-0.012609,-145.71579
2020/5/31 17:11,183.985214,153.182129,3.476644,3.724233,3.55481,-0.01261,-148.912476
2020/5/31 17:11,183.811188,153.168854,3.469665,3.717896,3.550232,-0.012611,-150.392242
2020/5/31 17:11,183.637177,153.129822,3.462687,3.711558,3.545654,-0.012612,-151.872009
2020/5/31 17:11,183.46315,153.09079,3.455709,3.70522,3.541077,-0.012613,-153.351776
2020/5/31 17:11,183.289139,153.051743,3.44873,3.698883,3.536499,-0.012614,-151.776749
2020/5/31 17:11,183.115112,153.012711,3.441752,3.692546,3.531921,-0.012616,-148.395248
2020/5/31 17:11,182.941101,152.973679,3.434774,3.686208,3.527344,-0.012617,-146.421036
2020/5/31 17:11,182.767075,152.934647,3.427795,3.679871,3.522766,-0.012618,-148.736115
2020/5/31 17:11,182.593048,152.895615,3.429825,3.6816,3.518188,-0.012619,-151.051193
2020/5/31 17:11,182.419037,152.856567,3.431854,3.683329,3.513611,-0.01262,-152.238922
2020/5/31 17:11,182.24501,152.817535,3.433884,3.685059,3.509033,-0.012622,-151.694122
2020/5/31 17:11,182.070999,152.778503,3.435913,3.686788,3.508611,-0.012623,-152.509613
2020/5/31 17:11,181.896973,152.739471,3.437943,3.688517,3.508188,-0.012624,-153.325089
2020/5/31 17:11,181.722961,152.700439,3.439972,3.690246,3.507766,-0.012625,-152.204086
2020/5/31 17:11,181.548935,152.661392,3.442001,3.691976,3.507343,-0.012626,-151.083099
2020/5/31 17:11,181.374908,152.62236,3.444031,3.693705,3.50692,-0.012627,-149.962097
2020/5/31 17:11,181.200897,152.583328,3.44606,3.695434,3.506498,-0.012629,-147.015549
2020/5/31 17:11,181.026871,152.544296,3.44809,3.697164,3.506075,-0.01263,-145.738403
2020/5/31 17:11,180.852859,152.505264,3.450119,3.698893,3.505653,-0.012631,-142.90387
2020/5/31 17:11,180.678833,152.466217,3.452148,3.700622,3.50523,-0.012632,-138.031723
2020/5/31 17:11,180.504822,152.427185,3.454178,3.702352,3.504807,-0.012633,-131.351151
2020/5/31 17:11,180.330795,152.388153,3.456207,3.704081,3.504385,-0.012634,-127.694801
2020/5/31 17:11,180.156784,152.349121,3.458237,3.70581,3.503962,-0.012636,-128.271286
2020/5/31 17:11,179.982758,152.310089,3.460266,3.70754,3.50354,-0.012637,-126.790314
2020/5/31 17:11,179.836334,152.271042,3.462296,3.709269,3.503117,-0.012638,-125.309341
2020/5/31 17:11,179.689926,152.23201,3.464325,3.710998,3.502695,-0.012639,-125.250717
2020/5/31 17:11,179.543503,152.192978,3.466354,3.712728,3.502272,-0.01264,-123.520447
2020/5/31 17:11,179.397095,152.153946,3.468384,3.714457,3.501849,-0.012642,-119.081085
2020/5/31 17:11,179.250671,152.114899,3.463911,3.716186,3.501427,-0.012643,-119.349823
2020/5/31 17:11,179.104248,152.075867,3.459438,3.711771,3.501004,-0.012644,-119.618561
2020/5/31 17:11,178.95784,152.036835,3.454966,3.707356,3.500582,-0.012645,-121.051147
2020/5/31 17:11,178.811417,151.997803,3.450493,3.702941,3.500159,-0.012646,-124.82431
2020/5/31 17:11,178.665009,151.958771,3.44602,3.698527,3.499737,-0.012647,-128.597473
2020/5/31 17:11,178.518585,151.919724,3.441547,3.694112,3.499314,-0.012649,-129.241211
2020/5/31 17:11,178.372177,151.880692,3.437075,3.689697,3.498892,-0.01265,-129.884949
2020/5/31 17:12,178.225754,151.84166,3.432602,3.685282,3.498469,-0.012651,-130.528687
2020/5/31 17:12,178.07933,151.802628,3.428129,3.680867,3.498046,-0.012652,-129.705429
2020/5/31 17:12,177.932922,151.763596,3.423656,3.676452,3.495402,-0.012653,-131.189209
2020/5/31 17:12,177.786499,151.724548,3.419184,3.672037,3.492757,-0.012654,-132.673004
2020/5/31 17:12,177.640091,151.685516,3.414711,3.667622,3.490112,-0.012656,-136.830658
2020/5/31 17:12,177.493668,151.646484,3.410238,3.663208,3.487467,-0.012657,-140.988297
2020/5/31 17:12,177.34726,151.607452,3.405766,3.658793,3.484822,-0.012658,-148.589386
2020/5/31 17:12,177.200836,151.56842,3.401293,3.654378,3.482177,-0.012659,-156.190491
2020/5/31 17:12,177.054413,151.529373,3.39682,3.649963,3.479532,-0.01266,-163.79158
2020/5/31 17:12,176.908005,151.490341,3.396753,3.649696,3.476887,-0.012662,-166.987854
2020/5/31 17:12,176.761581,151.451309,3.396687,3.649429,3.474243,-0.012663,-167.602493
2020/5/31 17:12,176.615173,151.412277,3.39662,3.649162,3.471598,-0.012664,-164.491577
2020/5/31 17:12,176.46875,151.373245,3.396553,3.648895,3.468953,-0.012665,-161.380676
2020/5/31 17:12,176.322327,151.334198,3.396486,3.648628,3.466308,-0.012666,-160.860779
2020/5/31 17:12,176.175919,151.295166,3.396419,3.648361,3.463663,-0.012667,-157.195786
2020/5/31 17:12,176.029495,151.256134,3.396353,3.648094,3.461018,-0.012669,-149.920609
2020/5/31 17:12,175.883087,151.217102,3.396286,3.647827,3.458374,-0.01267,-146.911697
2020/5/31 17:12,175.736664,151.17807,3.396219,3.64756,3.455729,-0.012671,-146.5
2020/5/31 17:12,175.59024,151.139023,3.396152,3.647293,3.453084,-0.012672,-146.088303
2020/5/31 17:12,175.443832,151.099991,3.396086,3.647026,3.450439,-0.012673,-143.802521
2020/5/31 17:12,175.297409,151.060959,3.396019,3.646759,3.447794,-0.012674,-142.74939
2020/5/31 17:12,175.151001,151.021927,3.395952,3.646492,3.445149,-0.012676,-143.588699
2020/5/31 17:12,175.004578,150.982895,3.395885,3.646225,3.442504,-0.012677,-142.582031
2020/5/31 17:12,174.85817,150.943848,3.395818,3.645958,3.43986,-0.012678,-141.575378
2020/5/31 17:12,174.711746,150.904816,3.395751,3.645691,3.437215,-0.012679,-139.385101
2020/5/31 17:12,174.565323,150.865784,3.387563,3.637324,3.43457,-0.01268,-137.194824
2020/5/31 17:12,174.418915,150.826752,3.379374,3.628957,3.431925,-0.012681,-131.284943
2020/5/31 17:12,174.272491,150.78772,3.371185,3.62059,3.42928,-0.012683,-127.608253
2020/5/31 17:12,174.126083,150.748672,3.362996,3.612223,3.426635,-0.012684,-126.912949
2020/5/31 17:12,173.97966,150.709641,3.354807,3.603856,3.42371,-0.012685,-126.217644
2020/5/31 17:12,173.833252,150.670609,3.346618,3.59549,3.420784,-0.012686,-122.451202
2020/5/31 17:12,173.686829,150.631577,3.338429,3.587123,3.417858,-0.012687,-115.505432
2020/5/31 17:12,173.540405,150.592545,3.330241,3.578756,3.414932,-0.012689,-106.866737
2020/5/31 17:12,173.393997,150.553497,3.322052,3.570389,3.412007,-0.01269,-102.265045
2020/5/31 17:12,173.247574,150.514465,3.313863,3.562022,3.409081,-0.012691,-97.663361
2020/5/31 17:12,173.101166,150.475433,3.305674,3.553655,3.406155,-0.012692,-95.186806
2020/5/31 17:12,172.954742,150.436401,3.297485,3.545288,3.40323,-0.012693,-92.710251
2020/5/31 17:12,172.808319,150.397369,3.298019,3.545402,3.400304,-0.012694,-91.356438
2020/5/31 17:12,172.661911,150.358322,3.298553,3.545515,3.397378,-0.012696,-90.002625
2020/5/31 17:12,172.515488,150.31929,3.299088,3.545629,3.394453,-0.012697,-88.648811
2020/5/31 17:12,172.36908,150.280258,3.299622,3.545743,3.391527,-0.012698,-90.182571
2020/5/31 17:12,172.222656,150.241226,3.300156,3.545856,3.388601,-0.012699,-91.716324
2020/5/31 17:12,172.076233,150.202179,3.30069,3.54597,3.385676,-0.0127,-91.840881
2020/5/31 17:12,171.929825,150.163147,3.301224,3.546083,3.38275,-0.012701,-92.714867
2020/5/31 17:12,171.783401,150.124115,3.301758,3.546197,3.379824,-0.012703,-93.588852
2020/5/31 17:12,171.636993,150.085083,3.302292,3.546311,3.376899,-0.012704,-96.024315
2020/5/31 17:12,171.49057,150.046051,3.302826,3.546424,3.373973,-0.012705,-98.459785
2020/5/31 17:12,171.344162,150.007004,3.30336,3.546538,3.371047,-0.012706,-100.895248
2020/5/31 17:12,171.197739,149.967972,3.303894,3.546652,3.368122,-0.012707,-106.724907
2020/5/31 17:12,171.051315,149.92894,3.304428,3.546765,3.365196,-0.012709,-112.554573
2020/5/31 17:12,170.904907,149.889908,3.304962,3.546879,3.36227,-0.01271,-118.384232
2020/5/31 17:12,170.758484,149.850876,3.305496,3.546993,3.359344,-0.012711,-123.017952
2020/5/31 17:12,170.612076,149.811829,3.30603,3.547106,3.358756,-0.012712,-129.049438
2020/5/31 17:12,170.465652,149.772797,3.306564,3.54722,3.358167,-0.012713,-135.080933
2020/5/31 17:12,170.319244,149.733765,3.307098,3.547333,3.357579,-0.012714,-136.611374
2020/5/31 17:12,170.172821,149.694733,3.307397,3.547447,3.35699,-0.012716,-132.085327
2020/5/31 17:12,170.026398,149.655701,3.307697,3.547561,3.356402,-0.012717,-130.92012
2020/5/31 17:12,169.87999,149.616653,3.307996,3.547674,3.355813,-0.012718,-129.754913
2020/5/31 17:12,169.733566,149.577621,3.308295,3.547788,3.355225,-0.012719,-128.589722
2020/5/31 17:12,169.587158,149.538589,3.308594,3.547902,3.354636,-0.01272,-127.424515
2020/5/31 17:13,169.440735,149.499557,3.308893,3.548015,3.354047,-0.012721,-129.96492
